[
    {
        "id": 1,
        "CategoryId":2,
        "Category": "Games And Toys",
        "subCategoryId":20,
        "Sub Category": "Other",
        "img": "https://www.toyhouse.co.il/images/itempics/11002_25082019172755.jpg",
        "Date": "23.07.20",
        "Details": "baby eating table, in a good condition",
        "Condition": "good",
        "Size": " ",
        "userId":2
    },
    {
        "id": 2,
        "CategoryId":1,
        "Category": "Clothing",
        "Sub CategoryId":13,
        "Sub Category": "casual",
        "img": "https://images.saloona.co.il/files/2015/03/keds-suits.jpg",
        "Date": "04.09.20",
        "Details": "a shirt",
        "Condition": "new",
        "Size": "",
        "userId":4
    },
    {
        "id": 3,
        "CategoryId":2,
        "Category": "Games and Toys",
        "Sub Category": "lego",
        "Sub CategoryId":19,
        "img": "https://d3hb4faco7nbjh.cloudfront.net/media/catalog/product/cache/1/image/300x/9df78eab33525d08d6e5fb8d27136e95/1/0/106910029.jpg",
        "Date": "01.03.20",
        "Details": "big lego",
        "Condition": "used-in a good condition",
        "Size": "",
        "userId":4
    },
    {
        "id": 4,
        "CategoryId":3,
        "Category": "For Your Baby",
        "Sub Category": "carriage",
        "Sub CategoryId":23,
        "img": "https://www.mbaby.co.il/wp-content/uploads/2012/09/canstockphoto2371769.jpg",
        "Date": "08.05.20",
        "Details": "a big carriage, blue",
        "Condition": "excellent",
        "Size": "",
        "userId":5
    },
    {
        "id": 5,
        "CategoryId":4,
        "Category": "For Moms",
        "Sub Category": "books",
        "Sub CategoryId":28,
        "img": "https://www.huggies.co.il/wp-content/uploads/2014/01/%D7%9E%D7%99%D7%9B%D7%9C-%D7%93%D7%9C%D7%99%D7%95%D7%AA-193x300.jpg",
        "Date": "10.03.19",
        "Details": "piggie the pig",
        "Condition": "almost good",
        "Size": "",
        "userId":6
    },
    {
        "id": 6,
        "CategoryId":3,
        "Category": "For Your Baby",
        "Sub Category": "Safety ",
        "Sub CategoryId":22,
        "img": "https://besttv232-ynet-images1-prod.cdn.it.best-tv.com/PicServer5/2018/01/21/8296655/82966487921691980551no.jpg",
        "Date": "14.09.18",
        "Details": "chair",
        "Condition": "good",
        "Size": " ",
        "userId":7
    },
    {
        "id": 7,
        "CategoryId":2,
        "Category": "Games And Toys",
        "Sub Category": "Other",
        "subCategoryId":20,
        "img": "https://www.toyhouse.co.il/images/itempics/11002_25082019172755.jpg",
        "Date": "23.07.20",
        "Details": "baby eating table, in a good condition",
        "Condition": "good",
        "Size": " ",
        "userId":2
    },
    {
        "id": 8,
        "CategoryId":1,
        "Category": "Clothing",
        "Sub Category": "casual",
        "Sub CategoryId":13,
        "img": "https://images.saloona.co.il/files/2015/03/keds-suits.jpg",
        "Date": "04.09.20",
        "Details": "a shirt",
        "Condition": "new",
        "Size": "",
        "userId":4
    },
    {
        "id": 9,
        "CategoryId":2,
        "Category": "Games and Toys",
        "Sub Category": "lego",
        "Sub CategoryId":19,
        "img": "https://d3hb4faco7nbjh.cloudfront.net/media/catalog/product/cache/1/image/300x/9df78eab33525d08d6e5fb8d27136e95/1/0/106910029.jpg",
        "Date": "01.03.20",
        "Details": "big lego",
        "Condition": "used-in a good condition",
        "Size": "",
        "userId":4
    },
    {
        "id": 10,
        "CategoryId":3,
        "Category": "For Your Baby",
        "Sub Category": "carriage",
        "Sub CategoryId":23,
        "img": "https://www.mbaby.co.il/wp-content/uploads/2012/09/canstockphoto2371769.jpg",
        "Date": "08.05.20",
        "Details": "a big carriage, blue",
        "Condition": "excellent",
        "Size": "",
        "userId":5
    },
    {
        "id": 11,
        "CategoryId":4,
        "Category": "For Moms",
        "Sub Category": "books",
        "Sub CategoryId":28,
        "img": "https://www.huggies.co.il/wp-content/uploads/2014/01/%D7%9E%D7%99%D7%9B%D7%9C-%D7%93%D7%9C%D7%99%D7%95%D7%AA-193x300.jpg",
        "Date": "10.03.19",
        "Details": "piggie the pig",
        "Condition": "almost good",
        "Size": "",
        "userId":6
    },
    {
        "id": 12,
        "CategoryId":3,
        "Category": "For Your Baby",
        "Sub Category": "Safety ",
        "Sub CategoryId":22,
        "img": "https://besttv232-ynet-images1-prod.cdn.it.best-tv.com/PicServer5/2018/01/21/8296655/82966487921691980551no.jpg",
        "Date": "14.09.18",
        "Details": "chair",
        "Condition": "good",
        "Size": " ",
        "userId":7
    }
]